species,chromosome,paralog,motif,position,strand
C. briggsae,III,HIM-8,TTGGTCAGTGCA,7232786,-
C. briggsae,III,ZIM-1,TTGGTCTGCTA,488124,+
C. briggsae,III,ZIM-1,TTGGTCTGCTA,492022,+
C. briggsae,III,ZIM-1,TTGGTCTGCTA,493464,+
C. briggsae,III,ZIM-1,TTGGTCTGCTA,493534,+
C. briggsae,III,ZIM-1,TTGGTCTGCTA,493639,+
C. briggsae,III,ZIM-1,TTGGTCTGCTA,497235,+
C. briggsae,III,ZIM-1,TTGGTCTGCTA,497288,+
C. briggsae,III,ZIM-1,TTGGTCTGCTA,497447,+
C. briggsae,III,ZIM-1,TTGGTCTGCTA,497533,+
C. briggsae,III,ZIM-1,TTGGTCTGCTA,499344,+
C. briggsae,III,ZIM-1,TTGGTCTGCTA,499909,+
C. briggsae,III,ZIM-1,TTGGTCTGCTA,501671,+
C. briggsae,III,ZIM-1,TTGGTCTGCTA,504416,+
C. briggsae,III,ZIM-1,TTGGTCTGCTA,504498,+
C. briggsae,III,ZIM-1,TTGGTCTGCTA,509905,+
C. briggsae,III,ZIM-1,TTGGTCTGCTA,510048,+
C. briggsae,III,ZIM-1,TTGGTCTGCTA,510102,+
C. briggsae,III,ZIM-1,TTGGTCTGCTA,510221,+
C. briggsae,III,ZIM-1,TTGGTCTGCTA,510275,+
C. briggsae,III,ZIM-1,TTGGTCTGCTA,513599,+
C. briggsae,III,ZIM-1,TTGGTCTGCTA,515132,+
C. briggsae,III,ZIM-1,TTGGTCTGCTA,515266,+
C. briggsae,III,ZIM-1,TTGGTCTGCTA,518686,+
C. briggsae,III,ZIM-1,TTGGTCTGCTA,522454,+
C. briggsae,III,ZIM-1,TTGGTCTGCTA,522662,+
C. briggsae,III,ZIM-1,TTGGTCTGCTA,522820,+
C. briggsae,III,ZIM-1,TTGGTCTGCTA,522846,+
C. briggsae,III,ZIM-1,TTGGTCTGCTA,524342,+
C. briggsae,III,ZIM-1,TTGGTCTGCTA,525479,+
C. briggsae,III,ZIM-1,TTGGTCTGCTA,583113,+
C. briggsae,III,ZIM-1,TTGGTCTGCTA,680774,+
C. briggsae,III,ZIM-1,TTGGTCTGCTA,682542,+
C. briggsae,III,ZIM-1,TTGGTCTGCTA,691450,+
C. briggsae,III,ZIM-1,TTGGTCTGCTA,1035731,+
C. briggsae,III,ZIM-1,TTGGTCTGCTA,1035824,+
C. briggsae,III,ZIM-1,TTGGTCTGCTA,1035925,+
C. briggsae,III,ZIM-1,TTGGTCTGCTA,1044676,+
C. briggsae,III,ZIM-1,TTGGTCTGCTA,1044772,+
C. briggsae,III,ZIM-1,TTGGTCTGCTA,1044924,+
C. briggsae,III,ZIM-1,TTGGTCTGCTA,1120196,+
C. briggsae,III,ZIM-1,TTGGTCTGCTA,1125554,+
C. briggsae,III,ZIM-1,TTGGTCTGCTA,1125587,+
C. briggsae,III,ZIM-1,TTGGTCTGCTA,1126177,+
C. briggsae,III,ZIM-1,TTGGTCTGCTA,1127464,+
C. briggsae,III,ZIM-1,TTGGTCTGCTA,1129703,+
C. briggsae,III,ZIM-1,TTGGTCTGCTA,1131118,+
C. briggsae,III,ZIM-1,TTGGTCTGCTA,1134298,+
C. briggsae,III,ZIM-1,TTGGTCTGCTA,1176892,+
C. briggsae,III,ZIM-1,TTGGTCTGCTA,1178682,+
C. briggsae,III,ZIM-1,TTGGTCTGCTA,1186911,+
C. briggsae,III,ZIM-1,TTGGTCTGCTA,1186991,+
C. briggsae,III,ZIM-1,TTGGTCTGCTA,1193474,+
C. briggsae,III,ZIM-1,TTGGTCTGCTA,1196446,+
C. briggsae,III,ZIM-1,TTGGTCTGCTA,1196732,+
C. briggsae,III,ZIM-1,TTGGTCTGCTA,1196884,+
C. briggsae,III,ZIM-1,TTGGTCTGCTA,1196935,+
C. briggsae,III,ZIM-1,TTGGTCTGCTA,1198790,+
C. briggsae,III,ZIM-1,TTGGTCTGCTA,1199991,+
C. briggsae,III,ZIM-1,TTGGTCTGCTA,1201768,+
C. briggsae,III,ZIM-1,TTGGTCTGCTA,1202390,+
C. briggsae,III,ZIM-1,TTGGTCTGCTA,1206513,+
C. briggsae,III,ZIM-1,TTGGTCTGCTA,1209223,+
C. briggsae,III,ZIM-1,TTGGTCTGCTA,1213901,+
C. briggsae,III,ZIM-1,TTGGTCTGCTA,1216001,+
C. briggsae,III,ZIM-1,TTGGTCTGCTA,1216110,+
C. briggsae,III,ZIM-1,TTGGTCTGCTA,1220797,+
C. briggsae,III,ZIM-1,TTGGTCTGCTA,1221109,+
C. briggsae,III,ZIM-1,TTGGTCTGCTA,1221155,+
C. briggsae,III,ZIM-1,TTGGTCTGCTA,1230608,+
C. briggsae,III,ZIM-1,TTGGTCTGCTA,1244986,+
C. briggsae,III,ZIM-1,TTGGTCTGCTA,1246729,+
C. briggsae,III,ZIM-1,TTGGTCTGCTA,1252351,+
C. briggsae,III,ZIM-1,TTGGTCTGCTA,1509097,+
C. briggsae,III,ZIM-1,TTGGTCTGCTA,1509146,+
C. briggsae,III,ZIM-1,TTGGTCTGCTA,1509341,+
C. briggsae,III,ZIM-1,TTGGTCTGCTA,1509394,+
C. briggsae,III,ZIM-1,TTGGTCTGCTA,1511626,+
C. briggsae,III,ZIM-1,TTGGTCTGCTA,1512538,+
C. briggsae,III,ZIM-1,TTGGTCTGCTA,1514386,+
C. briggsae,III,ZIM-1,TTGGTCTGCTA,1642164,+
C. briggsae,III,ZIM-1,TTGGTCTGCTA,1649373,+
C. briggsae,III,ZIM-1,TTGGTCTGCTA,1782012,+
C. briggsae,III,ZIM-1,TTGGTCTGCTA,1784159,+
C. briggsae,III,ZIM-1,TTGGTCTGCTA,1786357,+
C. briggsae,III,ZIM-1,TTGGTCTGCTA,1788207,+
C. briggsae,III,ZIM-1,TTGGTCTGCTA,1791135,+
C. briggsae,III,ZIM-1,TTGGTCTGCTA,1792078,+
C. briggsae,III,ZIM-1,TTGGTCTGCTA,488141,-
C. briggsae,III,ZIM-1,TTGGTCTGCTA,493656,-
C. briggsae,III,ZIM-1,TTGGTCTGCTA,493729,-
C. briggsae,III,ZIM-1,TTGGTCTGCTA,497599,-
C. briggsae,III,ZIM-1,TTGGTCTGCTA,501711,-
C. briggsae,III,ZIM-1,TTGGTCTGCTA,502644,-
C. briggsae,III,ZIM-1,TTGGTCTGCTA,502727,-
C. briggsae,III,ZIM-1,TTGGTCTGCTA,504464,-
C. briggsae,III,ZIM-1,TTGGTCTGCTA,505326,-
C. briggsae,III,ZIM-1,TTGGTCTGCTA,507115,-
C. briggsae,III,ZIM-1,TTGGTCTGCTA,507188,-
C. briggsae,III,ZIM-1,TTGGTCTGCTA,510065,-
C. briggsae,III,ZIM-1,TTGGTCTGCTA,510186,-
C. briggsae,III,ZIM-1,TTGGTCTGCTA,513368,-
C. briggsae,III,ZIM-1,TTGGTCTGCTA,513480,-
C. briggsae,III,ZIM-1,TTGGTCTGCTA,513561,-
C. briggsae,III,ZIM-1,TTGGTCTGCTA,513698,-
C. briggsae,III,ZIM-1,TTGGTCTGCTA,515149,-
C. briggsae,III,ZIM-1,TTGGTCTGCTA,515231,-
C. briggsae,III,ZIM-1,TTGGTCTGCTA,517518,-
C. briggsae,III,ZIM-1,TTGGTCTGCTA,517773,-
C. briggsae,III,ZIM-1,TTGGTCTGCTA,518600,-
C. briggsae,III,ZIM-1,TTGGTCTGCTA,522863,-
C. briggsae,III,ZIM-1,TTGGTCTGCTA,524440,-
C. briggsae,III,ZIM-1,TTGGTCTGCTA,682508,-
C. briggsae,III,ZIM-1,TTGGTCTGCTA,682743,-
C. briggsae,III,ZIM-1,TTGGTCTGCTA,682909,-
C. briggsae,III,ZIM-1,TTGGTCTGCTA,691569,-
C. briggsae,III,ZIM-1,TTGGTCTGCTA,1036873,-
C. briggsae,III,ZIM-1,TTGGTCTGCTA,1044941,-
C. briggsae,III,ZIM-1,TTGGTCTGCTA,1049092,-
C. briggsae,III,ZIM-1,TTGGTCTGCTA,1121688,-
C. briggsae,III,ZIM-1,TTGGTCTGCTA,1125447,-
C. briggsae,III,ZIM-1,TTGGTCTGCTA,1126123,-
C. briggsae,III,ZIM-1,TTGGTCTGCTA,1176991,-
C. briggsae,III,ZIM-1,TTGGTCTGCTA,1185570,-
C. briggsae,III,ZIM-1,TTGGTCTGCTA,1187486,-
C. briggsae,III,ZIM-1,TTGGTCTGCTA,1189798,-
C. briggsae,III,ZIM-1,TTGGTCTGCTA,1192293,-
C. briggsae,III,ZIM-1,TTGGTCTGCTA,1198306,-
C. briggsae,III,ZIM-1,TTGGTCTGCTA,1200040,-
C. briggsae,III,ZIM-1,TTGGTCTGCTA,1202750,-
C. briggsae,III,ZIM-1,TTGGTCTGCTA,1202867,-
C. briggsae,III,ZIM-1,TTGGTCTGCTA,1204834,-
C. briggsae,III,ZIM-1,TTGGTCTGCTA,1205230,-
C. briggsae,III,ZIM-1,TTGGTCTGCTA,1205276,-
C. briggsae,III,ZIM-1,TTGGTCTGCTA,1211515,-
C. briggsae,III,ZIM-1,TTGGTCTGCTA,1212427,-
C. briggsae,III,ZIM-1,TTGGTCTGCTA,1213717,-
C. briggsae,III,ZIM-1,TTGGTCTGCTA,1220478,-
C. briggsae,III,ZIM-1,TTGGTCTGCTA,1220864,-
C. briggsae,III,ZIM-1,TTGGTCTGCTA,1223739,-
C. briggsae,III,ZIM-1,TTGGTCTGCTA,1227663,-
C. briggsae,III,ZIM-1,TTGGTCTGCTA,1235011,-
C. briggsae,III,ZIM-1,TTGGTCTGCTA,1235065,-
C. briggsae,III,ZIM-1,TTGGTCTGCTA,1235256,-
C. briggsae,III,ZIM-1,TTGGTCTGCTA,1235310,-
C. briggsae,III,ZIM-1,TTGGTCTGCTA,1235362,-
C. briggsae,III,ZIM-1,TTGGTCTGCTA,1238256,-
C. briggsae,III,ZIM-1,TTGGTCTGCTA,1247010,-
C. briggsae,III,ZIM-1,TTGGTCTGCTA,1509114,-
C. briggsae,III,ZIM-1,TTGGTCTGCTA,1509358,-
C. briggsae,III,ZIM-1,TTGGTCTGCTA,1646934,-
C. briggsae,III,ZIM-1,TTGGTCTGCTA,1648044,-
C. briggsae,III,ZIM-1,TTGGTCTGCTA,1649631,-
C. briggsae,III,ZIM-1,TTGGTCTGCTA,1672146,-
C. briggsae,III,ZIM-1,TTGGTCTGCTA,1673730,-
C. briggsae,III,ZIM-1,TTGGTCTGCTA,1681436,-
C. briggsae,III,ZIM-1,TTGGTCTGCTA,1782267,-
C. briggsae,III,ZIM-1,TTGGTCTGCTA,1785460,-
C. briggsae,III,ZIM-1,TTGGTCTGCTA,1785573,-
C. briggsae,III,ZIM-1,TTGGTCTGCTA,1785968,-
C. briggsae,III,ZIM-1,TTGGTCTGCTA,1788545,-
C. briggsae,III,ZIM-1,TTGGTCTGCTA,1789469,-
C. briggsae,III,ZIM-1,TTGGTCTGCTA,1790430,-
C. briggsae,III,ZIM-1,TTGGTCTGCTA,1790756,-
C. briggsae,III,ZIM-1,TTGGTCTGCTA,1791420,-
C. briggsae,III,ZIM-2,TTGGGCGCTGCT,942173,+
C. briggsae,III,ZIM-3,TTGGTTGAGGCT,5013254,+
C. briggsae,II,HIM-8,TTGGTCAGTGCA,9098627,-
C. briggsae,II,ZIM-1,TTGGTCTGCTA,15489603,+
C. briggsae,II,ZIM-1,TTGGTCTGCTA,15489749,+
C. briggsae,II,ZIM-1,TTGGTCTGCTA,15688489,+
C. briggsae,II,ZIM-1,TTGGTCTGCTA,15689285,+
C. briggsae,II,ZIM-1,TTGGTCTGCTA,15689798,+
C. briggsae,II,ZIM-1,TTGGTCTGCTA,15690984,+
C. briggsae,II,ZIM-1,TTGGTCTGCTA,15692880,+
C. briggsae,II,ZIM-1,TTGGTCTGCTA,15693085,+
C. briggsae,II,ZIM-1,TTGGTCTGCTA,15696652,+
C. briggsae,II,ZIM-1,TTGGTCTGCTA,15701650,+
C. briggsae,II,ZIM-1,TTGGTCTGCTA,15719129,+
C. briggsae,II,ZIM-1,TTGGTCTGCTA,15719267,+
C. briggsae,II,ZIM-1,TTGGTCTGCTA,15719405,+
C. briggsae,II,ZIM-1,TTGGTCTGCTA,15725615,+
C. briggsae,II,ZIM-1,TTGGTCTGCTA,15732420,+
C. briggsae,II,ZIM-1,TTGGTCTGCTA,15732545,+
C. briggsae,II,ZIM-1,TTGGTCTGCTA,15732680,+
C. briggsae,II,ZIM-1,TTGGTCTGCTA,15732752,+
C. briggsae,II,ZIM-1,TTGGTCTGCTA,15733909,+
C. briggsae,II,ZIM-1,TTGGTCTGCTA,15734520,+
C. briggsae,II,ZIM-1,TTGGTCTGCTA,15740242,+
C. briggsae,II,ZIM-1,TTGGTCTGCTA,15759347,+
C. briggsae,II,ZIM-1,TTGGTCTGCTA,15765684,+
C. briggsae,II,ZIM-1,TTGGTCTGCTA,15765978,+
C. briggsae,II,ZIM-1,TTGGTCTGCTA,15768997,+
C. briggsae,II,ZIM-1,TTGGTCTGCTA,15774711,+
C. briggsae,II,ZIM-1,TTGGTCTGCTA,15780318,+
C. briggsae,II,ZIM-1,TTGGTCTGCTA,15783178,+
C. briggsae,II,ZIM-1,TTGGTCTGCTA,15791394,+
C. briggsae,II,ZIM-1,TTGGTCTGCTA,15791594,+
C. briggsae,II,ZIM-1,TTGGTCTGCTA,16019171,+
C. briggsae,II,ZIM-1,TTGGTCTGCTA,16022849,+
C. briggsae,II,ZIM-1,TTGGTCTGCTA,16022919,+
C. briggsae,II,ZIM-1,TTGGTCTGCTA,16023060,+
C. briggsae,II,ZIM-1,TTGGTCTGCTA,16023201,+
C. briggsae,II,ZIM-1,TTGGTCTGCTA,16025046,+
C. briggsae,II,ZIM-1,TTGGTCTGCTA,16025854,+
C. briggsae,II,ZIM-1,TTGGTCTGCTA,16025924,+
C. briggsae,II,ZIM-1,TTGGTCTGCTA,16026980,+
C. briggsae,II,ZIM-1,TTGGTCTGCTA,16035040,+
C. briggsae,II,ZIM-1,TTGGTCTGCTA,16041790,+
C. briggsae,II,ZIM-1,TTGGTCTGCTA,16045327,+
C. briggsae,II,ZIM-1,TTGGTCTGCTA,16045728,+
C. briggsae,II,ZIM-1,TTGGTCTGCTA,16050274,+
C. briggsae,II,ZIM-1,TTGGTCTGCTA,16050412,+
C. briggsae,II,ZIM-1,TTGGTCTGCTA,6635757,-
C. briggsae,II,ZIM-1,TTGGTCTGCTA,13765015,-
C. briggsae,II,ZIM-1,TTGGTCTGCTA,15546052,-
C. briggsae,II,ZIM-1,TTGGTCTGCTA,15694649,-
C. briggsae,II,ZIM-1,TTGGTCTGCTA,15696809,-
C. briggsae,II,ZIM-1,TTGGTCTGCTA,15697462,-
C. briggsae,II,ZIM-1,TTGGTCTGCTA,15697663,-
C. briggsae,II,ZIM-1,TTGGTCTGCTA,15697736,-
C. briggsae,II,ZIM-1,TTGGTCTGCTA,15702374,-
C. briggsae,II,ZIM-1,TTGGTCTGCTA,15705071,-
C. briggsae,II,ZIM-1,TTGGTCTGCTA,15712272,-
C. briggsae,II,ZIM-1,TTGGTCTGCTA,15724809,-
C. briggsae,II,ZIM-1,TTGGTCTGCTA,15724882,-
C. briggsae,II,ZIM-1,TTGGTCTGCTA,15724955,-
C. briggsae,II,ZIM-1,TTGGTCTGCTA,15729920,-
C. briggsae,II,ZIM-1,TTGGTCTGCTA,15732643,-
C. briggsae,II,ZIM-1,TTGGTCTGCTA,15732883,-
C. briggsae,II,ZIM-1,TTGGTCTGCTA,15733944,-
C. briggsae,II,ZIM-1,TTGGTCTGCTA,15734491,-
C. briggsae,II,ZIM-1,TTGGTCTGCTA,15738991,-
C. briggsae,II,ZIM-1,TTGGTCTGCTA,15739072,-
C. briggsae,II,ZIM-1,TTGGTCTGCTA,15740425,-
C. briggsae,II,ZIM-1,TTGGTCTGCTA,15740707,-
C. briggsae,II,ZIM-1,TTGGTCTGCTA,15774866,-
C. briggsae,II,ZIM-1,TTGGTCTGCTA,15779791,-
C. briggsae,II,ZIM-1,TTGGTCTGCTA,15779865,-
C. briggsae,II,ZIM-1,TTGGTCTGCTA,15783284,-
C. briggsae,II,ZIM-1,TTGGTCTGCTA,15785990,-
C. briggsae,II,ZIM-1,TTGGTCTGCTA,15799084,-
C. briggsae,II,ZIM-1,TTGGTCTGCTA,15799157,-
C. briggsae,II,ZIM-1,TTGGTCTGCTA,16015536,-
C. briggsae,II,ZIM-1,TTGGTCTGCTA,16016823,-
C. briggsae,II,ZIM-1,TTGGTCTGCTA,16023680,-
C. briggsae,II,ZIM-1,TTGGTCTGCTA,16027384,-
C. briggsae,II,ZIM-1,TTGGTCTGCTA,16027493,-
C. briggsae,II,ZIM-1,TTGGTCTGCTA,16034307,-
C. briggsae,II,ZIM-1,TTGGTCTGCTA,16034792,-
C. briggsae,II,ZIM-1,TTGGTCTGCTA,16037037,-
C. briggsae,II,ZIM-1,TTGGTCTGCTA,16041168,-
C. briggsae,II,ZIM-1,TTGGTCTGCTA,16041536,-
C. briggsae,II,ZIM-1,TTGGTCTGCTA,16044368,-
C. briggsae,II,ZIM-1,TTGGTCTGCTA,16047698,-
C. briggsae,II,ZIM-1,TTGGTCTGCTA,16050449,-
C. briggsae,II,ZIM-1,TTGGTCTGCTA,16050665,-
C. briggsae,II,ZIM-1,TTGGTCTGCTA,16051018,-
C. briggsae,II,ZIM-1,TTGGTCTGCTA,16059456,-
C. briggsae,II,ZIM-1,TTGGTCTGCTA,16102267,-
C. briggsae,II,ZIM-3,TTGGTTGAGGCT,9916609,+
C. briggsae,V,HIM-8,TTGGTCAGTGCA,1428648,+
C. briggsae,V,ZIM-1,TTGGTCTGCTA,5908693,+
C. briggsae,V,ZIM-1,TTGGTCTGCTA,6436512,+
C. briggsae,V,ZIM-1,TTGGTCTGCTA,7226994,+
C. briggsae,V,ZIM-1,TTGGTCTGCTA,8710241,+
C. briggsae,V,ZIM-1,TTGGTCTGCTA,15410775,+
C. briggsae,V,ZIM-1,TTGGTCTGCTA,15410977,+
C. briggsae,V,ZIM-1,TTGGTCTGCTA,17942784,+
C. briggsae,V,ZIM-1,TTGGTCTGCTA,17943000,+
C. briggsae,V,ZIM-1,TTGGTCTGCTA,17943867,+
C. briggsae,V,ZIM-1,TTGGTCTGCTA,17953821,+
C. briggsae,V,ZIM-1,TTGGTCTGCTA,19466844,+
C. briggsae,V,ZIM-1,TTGGTCTGCTA,10707997,-
C. briggsae,V,ZIM-1,TTGGTCTGCTA,15411034,-
C. briggsae,V,ZIM-1,TTGGTCTGCTA,17942819,-
C. briggsae,V,ZIM-1,TTGGTCTGCTA,17943422,-
C. briggsae,V,ZIM-1,TTGGTCTGCTA,17943798,-
C. briggsae,V,ZIM-1,TTGGTCTGCTA,17953986,-
C. briggsae,V,ZIM-1,TTGGTCTGCTA,17954189,-
C. briggsae,V,ZIM-3,TTGGTTGAGGCT,7783082,+
C. briggsae,V,ZIM-3,TTGGTTGAGGCT,13224723,+
C. briggsae,V,ZIM-3,TTGGTTGAGGCT,2417617,-
C. briggsae,V,ZIM-3,TTGGTTGAGGCT,18946429,-
C. briggsae,X,HIM-8,TTGGTCAGTGCA,7121392,-
C. briggsae,X,ZIM-1,TTGGTCTGCTA,8053728,+
C. briggsae,X,ZIM-1,TTGGTCTGCTA,14251435,+
C. briggsae,X,ZIM-1,TTGGTCTGCTA,9122179,-
C. briggsae,X,ZIM-1,TTGGTCTGCTA,17452617,-
C. briggsae,X,ZIM-2,TTGGGCGCTGCT,10252238,+
C. briggsae,I,HIM-8,TTGGTCAGTGCA,14030012,+
C. briggsae,I,HIM-8,TTGGTCAGTGCA,1691713,-
C. briggsae,I,ZIM-1,TTGGTCTGCTA,6983430,+
C. briggsae,I,ZIM-2,TTGGGCGCTGCT,15009053,+
C. briggsae,I,ZIM-2,TTGGGCGCTGCT,12776639,-
C. briggsae,I,ZIM-3,TTGGTTGAGGCT,5168433,+
C. briggsae,I,ZIM-3,TTGGTTGAGGCT,9657533,+
C. briggsae,IV,HIM-8,TTGGTCAGTGCA,9878782,+
C. briggsae,IV,ZIM-1,TTGGTCTGCTA,12307879,+
C. briggsae,IV,ZIM-1,TTGGTCTGCTA,12382865,+
C. briggsae,IV,ZIM-1,TTGGTCTGCTA,12383149,+
C. briggsae,IV,ZIM-1,TTGGTCTGCTA,12384197,+
C. briggsae,IV,ZIM-1,TTGGTCTGCTA,16962913,+
C. briggsae,IV,ZIM-1,TTGGTCTGCTA,16976638,+
C. briggsae,IV,ZIM-1,TTGGTCTGCTA,11848327,-
C. briggsae,IV,ZIM-1,TTGGTCTGCTA,12307756,-
C. briggsae,IV,ZIM-1,TTGGTCTGCTA,12307913,-
C. briggsae,IV,ZIM-1,TTGGTCTGCTA,12312990,-
C. briggsae,IV,ZIM-1,TTGGTCTGCTA,12382882,-
C. briggsae,IV,ZIM-1,TTGGTCTGCTA,12383227,-
C. briggsae,IV,ZIM-1,TTGGTCTGCTA,16917569,-
C. briggsae,IV,ZIM-1,TTGGTCTGCTA,16962983,-
C. briggsae,IV,ZIM-1,TTGGTCTGCTA,16976714,-
C. briggsae,IV,ZIM-1,TTGGTCTGCTA,16976866,-
C. briggsae,IV,ZIM-2,TTGGGCGCTGCT,15611946,+
